model,seed_81,seed_34,seed_67,seed_12,seed_5,seed_81.0,rmse_mean
lstm,0.0608,0.0552,0.0586,0.0594,0.061,0.024624875103382855,0.053270812517230474
rnn,0.0721,0.0689,0.0704,0.0712,0.0733,,0.07118
slstm,0.0584,0.0576,0.059,0.0579,0.0595,,0.05848
plstm,0.0615,0.0603,0.062,0.061,0.0622,,0.061399999999999996
