model,seed_81,seed_34,seed_67,seed_12,seed_5,seed_81.0,rmse_mean,seed_14.0,seed_3.0,seed_94.0,seed_35.0
lstm,0.0608,0.0552,0.0586,0.0594,0.061,0.0246248751033828,0.040725717097686145,0.0221610049729262,0.022564967707406,0.0218470057700965,0.0210593174230499
rnn,0.0721,0.0689,0.0704,0.0712,0.0733,0.0214366237991721,0.046239381055937376,0.0215512817304902,0.0204461583284444,0.0220642707847595,0.0209954759165076
slstm,0.0584,0.0576,0.059,0.0579,0.0595,0.024092191108213,0.04332118940430189,0.026527541277445,0.0276021773927665,0.0389261763652457,0.0236638078993487
plstm,0.0615,0.0603,0.062,0.061,0.0622,0.022993893797831247,0.04149450444640758,0.019757530486737923,0.019159577418009992,0.01931011662392091,0.026723926137575713
